Razao Social;Fundo;Segmento;Codigo
CANUMA CAPITAL MULTIESTRAT�GIA FDO DE INV IMOB;FII CANUMA;;CCME;
INTER TEVA INDICE DE TIJOLO FUNDO DE INVESTIMENTO;FII INTER IT;;ITIT;
JASC RENDA VAREJO ESSENCIAL FDO DE INV IMOB - FII;FII JASC REN;;JASC;
LAVOURA FUNDO DE INVESTIMENTO IMOBILI�RIO;FII LAVOURA;;LAVF;
AF INVEST CRI FDO. INV. IMOB - RECEB�VEIS IMOB.;FII AFHI CRI;;AFHI;
ALIANZA CR�DITO IMOBILI�RIO FII FUNDO DE INV IMOB;FII ALI CRED;;ALZC;
ALIANZA MULTIOFFICES  - FDO. INV. IMOB;FII MULT OF1;;MTOF;
ALIANZA TRUST RENDA IMOBILIARIA FDO INV IMOB;FII ALIANZA;;ALZR;
ALIANZA URBAN HUB RENDA FUNDO DE INVESTIMENTO IMOB;FII ALI URB;;AURB;
ASA METROPOLIS FUNDO DE INVESTIMENTO IMOBILI�RIO;FII ASA MET;;ASMT;
AUTONOMY EDIF�CIOS CORPORATIVOS FUND. INV. IMOB.;FII AUTONOMY;;AIEC;
BANESTES RECEB�VEIS IMOBILI�RIOS FDO INV IMOB  FII;FII BEES CRI;;BCRI;
BANRISUL NOVAS FRONTEIRAS FDO INV IMOB - FII;FII BANRISUL;;BNFS;
BARZEL CD1 FUNDO DE INVESTIMENTO IMOBILI�RIO;FII BARZEL;;BZEL;
BAS�LICA PARTNERS LED CORPORATE FDO INV IMOB FII;FII BASILICA;;BPLC;
BB FDO INV IMOB PROGRESSIVO;FII BB PROGR;MB;BBFI;
BB FUNDO DE FUNDOS - FDO. INV. IMOB.;FII BB FOF;;BBFO;
BB PROGRESSIVO II FDO INV IMOB - FII;FII BB PRGII;;BBPO;
BB RECEBIVEIS IMOBILIARIOS FDO INV IMOB - FII;FII BB RECIM;;BBIM;
BB RENDA CORPORATIVA FDO INV IMOB - FII;FII BB CORP;;BBRC;
BB RENDA DE PAPEIS IMOB II FDO INV IMOB - FII;FII BB PAPII;;RDPD;
BB RENDA DE PAP�IS IMOBILI�RIOS FDO INV IMOB - FII;FII BB R PAP;;RNDP;
BLUECAP RENDA LOG. FDO INV. IMOB. - FII;FII BLUECAP;;BLCP;
BLUEMACAW CATUA� TRIPLE A FDO DE INV IMOB;FII BLUE AAA;;BLCA;
BLUEMACAW CR�DITO IMOBILI�RIO - FDO. INV. IMOB.;FII BLUE CRI;;BLMC;
BLUEMACAW LOG�STICA FDO. INVEST. IMOB.;FII BLUE LOG;;BLMG;
BLUEMACAW OFFICE FUND II - FDO. INVEST. IMOB.;FII BLUEMAC;;BLMO;
BLUEMACAW RENDA + FOF FDO. INVEST. IMOB.;FII BLUE FOF;;BLMR;
BRADESCO CARTEIRA IMOBILI�RIA ATIVA - FII;FII BCIA;;BCIA;
BRAZIL REAL ESTATE VICTORY FUND I - FDO. INV. IMOB;FII BRE VIC;;BREV;
BRAZIL REALTY FDO INV IMOB;FII BRREALTY;;BZLI;
BRAZILIAN GRAVEYARD DEATH CARE FDO INV IMOB - FII;FII DEA CARE;;CARE;
BRESCO LOG�STICA - FDO INV IMOB;FII BRESCO;;BRCO;
BRIO CR�DITO ESTRUTURADO - FDO. INVEST. IMOB.;FII BRIO CRE;;BICE;
BRIO MULTIESTRAT�GIA FDO INV IMOB;FII BRIO ME;;BIME;
BRIO REAL ESTATE II - FDO INV IMOB;FII BRIO II;;BRIM;
BRIO REAL ESTATE III FDO DE INVEST. IMOB.;FII BRIO III;;BRIP;
BRIO REAL ESTATE IV - FUNDO DE INVESTIMENTO IMOB;FII BRIO IV;;BIPD;
BRIX FUNDO DE INVESTIMENTO IMOBILI�RIO;FII BRIX;;BRIX;
BS2 ALLINVESTMENTS FDO DE INV IMOB;FII BS2;;LLAO;
BTG PACTUAL LOGISTICA FDO INV IMOB - FII;FII BTLG;;BTLG;
BTOWERS FII - FUNDO DE INVESTIMENTO IMOBILI�RIO;FII BTOWERS;;BTWR;
BTSP I FDO. INVEST. IMOB - FII;FII BTSP I;;BTSG;
BTSP II FUNDO DE INVESTIMENTO IMOBILI�RIO;FII BTSP II;;BTSI;
CAIXA RIO BRAVO FDO DE FDOS INV IMOB II;FII CX RBRA2;;CRFF;
CAIXA RIO BRAVO FUNDO DE FDO INV IMOB - FII;FII CX RBRAV;;CXRI;
CAPIT�NIA REIT FOF - FDO. INVEST. IMOB;FII CAP REIT;;CPFF;
CAPITANIA SECURITIES II FDO INV IMOB - FII;FII CAPI SEC;;CPTS;
CARTESIA RECEB�VEIS IMOBILI�RIOS - FUNDO DE INVEST;CARTESIA FII;;CACR;
CASTELLO BRANCO OFFICE PARK FDO INV IMOB - FII;FII C BRANCO;;CBOP;
CF2 FUNDO DE INVESTIMENTO IMOBILI�RIO;FII CF2;;CFHI;
CF3 FUNDO DE INVESTIMENTO IMOBILI�RIO - FII;FII CF3 IMOB;;CFII;
CIDADE JARDIM CONTINENAL TOWER FDO INV IMOB;FII CJCTOWER;;CJCT;
CONSTANTINOPLA RECEB�VEIS IMOBILI�RIOS FII;FII FED HY;;CTNP;
CSHG IMOB. FOF - FDO INV. IMOB. - FII;FII CSHG FOF;;HGFF;
CSHG LOG�STICA FDO INV IMOB - FII;FII CSHG LOG;;HGLG;
CSHG PRIME OFFICES FDO INV IMOB - FII;FII CSHGPRIM;;HGPO;
CSHG REAL ESTATE FDO INV IMOB - FII;FII HG REAL;;HGRE;
CSHG RECEB�VEIS IMOBILI�RIOS FDO INV IMOB - FII;FII CSHG CRI;;HGCR;
CSHG RENDA URBANA - FDO INV IMOB - FII;FII CSHG URB;;HGRU;
CSHG RESIDENCIAL FDO DE INV IMOB - FII;FII CSHG RSD;;HGRS;
CVPAR FUNDO DE INVESTIMENTO IMOBILI�RIO DE CRI;FII CVPAR;;CVPR;
CYRELA CR�DITO - FUNDO DE INVESTIMENTO IMOBILI�RIO;FII CYRELA;;CYCR;
CYRELA DESENVOLVIMENTO LOG�STICO FDO INV IMOB;FII CYLD;;CYLD;
DEL MONTE AJAX FDO INV IMOB - FII;FII DEL MONT;;DLMT;
DEVANT PROPERTIES FUNDO DE INVESTIMENTO IMOB;FII DEVA PRO;;DPRO;
DEVANT RECEB�VEIS IMOBILI�RIOS FDO. INVEST. IMOB.;FII DEVANT;;DEVA;
DIAMANTE FDO INV IMOB;FII DIAMANTE;MB;DAMT;
DOVEL FDO INV IMOB;FII DOVEL;MB;DOVL;
ENERGY RESORT FDO. INVEST. IMOB.;FII ENERGY;;EGYR;
EQI RECEB�VEIS IMOBILI�RIOS FDO DE INV IMOBILI�RIO;FII EQI RECE;;EQIR;
ESTOQUE RESIDENCIAL E COMERCIAL RJ FDO INV IMOB;FII ESTOQ RJ;;ERCR;
EUROPA 105 - FDO INV IMOB;FII EUROPA;;ERPA;
EVEN II KINEA FUNDO DE INVESTIMENTO IMOBILI�RIO;FII EVEN II;;KEVE;
EVEN PERMUTA KINEA FII - FDO INV IMOB;FII EV KINEA;;KINP;
EXES FUNDO DE INVESTIMENTO IMOBILI�RIO;FII EXES;;EXES;
FARIA LIMA CAPITAL RECEB. IMOB. I - FDO INV. IMOB.;FII FL RECEB;;FLCR;
FATOR RENDA GALP�O FDO INV IMOB;FII FATOR GP;;FAGL;
FATOR VERITA FDO INV IMOB - FII;FII FATOR VE;;VRTA;
FDO BRAS�LIO MACHADO DE INVESTIMENTO IMOBILI�RIO;FII BRASILIO;;BMII;
FDO DE INV IMBL RIO BRAVO OPORTUNIDADES IMBL - FII;FII MERC BR;;MBRF;
FDO DE INV IMOB LEBLON REALTY DESENVOLVIMENTO I;FII LEBLON;;LRDI;
FDO DE INV IMOB MAU� CAPITAL HIGH YIELD - FII;FII MAUA HY;;MCHY;
FDO DE INV IMOB MAUA CAPITAL MPD DESENV RESID;FII MAUA MPD;;MMPD;
FDO DE INV IMOBILI�RIO DE CRI INTEGRAL BREI;FII BREI;;IBCR;
FDO DE INV. MOGNO CERTIFICADOS DE RECEB�VEIS IMOB.;FII MOGNO HG;;MGCR;
FDO DE INVEST IMOB GUARDIAN MULTIESTRAT�GIA I;FII GUARD MU;;GAME;
FDO INV IMOB - BTG PACTUAL CREDITO IMOBILIARIO;FII BTG CRI;;BTCR;
FDO INV IMOB - BTG PACTUAL METROPOLIS;FII MTRS;;MTRS;
FDO INV IMOB - FII ANCAR IC;FII ANCAR IC;MB;ANCR;
FDO INV IMOB - FII ANHANGUERA EDUCACIONAL;FII ANH EDUC;;FAED;
FDO INV IMOB - FII BM BRASCAN LAJES CORPORATIVAS;FII BMBRC LC;;BMLC;
FDO INV IMOB - FII BRLPROP;FII BRLPROP;;BPRP;
FDO INV IMOB - FII BTG PACTUAL CORP. OFFICE FUND;FII BC FUND;;BRCR;
FDO INV IMOB - FII BTG PACTUAL FUNDO DE CRI;FII EXCELLEN;;FEXC;
FDO INV IMOB - FII BTG PACTUAL FUNDO DE FUNDOS;FII BC FFII;;BCFF;
FDO INV IMOB - FII CAMPUS FARIA LIMA;FII CAMPUSFL;;FCFL;
FDO INV IMOB - FII CENESP;FII CENESP;;CNES;
FDO INV IMOB - FII CEO CYRELA COMMERC. PROPERTIES;FII CEO CCP;;CEOC;
FDO INV IMOB - FII EDIF�CIO ALMIRANTE BARROSO;FII ALMIRANT;MB;FAMB;
FDO INV IMOB - FII EDIF�CIO GALERIA;FII GALERIA;;EDGA;
FDO INV IMOB - FII ELDORADO;FII ELDORADO;MB;ELDO;
FDO INV IMOB - FII FLORIPA SHOPPING;FII FLORIPA;;FLRP;
FDO INV IMOB - FII HOSPITAL DA CRIAN�A;FII CRIANCA;;HCRI;
FDO INV IMOB - FII HOSPITAL NOSSA SRA DE LOURDES;FII LOURDES;;NSLU;
FDO INV IMOB - FII HOTEL MAXINVEST;FII HOTEL MX;;HTMX;
FDO INV IMOB - FII MAX RETAIL;FII MAX RET;;MAXR;
FDO INV IMOB - FII NOVO HORIZONTE;FII NOVOHORI;;NVHO;
FDO INV IMOB - FII PARQUE D. PEDRO SHOPPING CENTER;FII D PEDRO;;PQDP;
FDO INV IMOB - FII PATEO BANDEIRANTES;FII PTO BAND;;PATB;
FDO INV IMOB - FII RBR DESENVOLVIMENTO;FII RBR DES;;RBRM;
FDO INV IMOB - FII RBR RENDIMENTO HIGH GRADE;FII RBRHGRAD;;RBRR;
FDO INV IMOB - FII REC RECEBIVEIS IMOBILIARIOS;FII REC RECE;;RECR;
FDO INV IMOB - FII REC RENDA IMOBILIARIA;FII REC REND;;RECT;
FDO INV IMOB - FII SHOPPING JARDIM SUL;FII SHOPJSUL;;JRDM;
FDO INV IMOB - FII SHOPPING PARQUE D. PEDRO;FII SHOP PDP;MB;SHDP;
FDO INV IMOB - FII SIA CORPORATE;FII SIA CORP;MB;SAIC;
FDO INV IMOB - FII TB OFFICE;FII TBOFFICE;;TBOF;
FDO INV IMOB - FII TORRE ALMIRANTE;FII TORRE AL;;ALMI;
FDO INV IMOB - FII TORRE NORTE;FII TORRE NO;;TRNT;
FDO INV IMOB - FII VILA OL�MPIA CORPORATE;FII OLIMPIA;;VLOL;
FDO INV IMOB - NCH EQI HIGH YIELD RECEB�VEIS IMOB;FII NCH EQI;;NCHB;
FDO INV IMOB - OURINVEST FUNDO DE FUNDOS;FII OURI FOF;;OUFF;
FDO INV IMOB - OURINVEST RE I;FII WTC SP;MB;WTSP;
FDO INV IMOB - V2 PROPERTIES;FII V2 PROP;;VVPR;
FDO INV IMOB - VBI LOG�STICO;FII VBI LOG;;LVBI;
FDO INV IMOB BARIGUI RENDIMENTOS IMOB I FII;FII BARIGUI;;BARI;
FDO INV IMOB BR HOTEIS - FII;FII BRHOTEIS;MB;BRHT;
FDO INV IMOB BRASIL PLURAL ABSOLUTO FDO DE FUNDOS;FII ABSOLUTO;;BPFF;
FDO INV IMOB BRASIL VAREJO - FII;FII B VAREJO;;BVAR;
FDO INV IMOB BTG PACTUAL SHOPPINGS;FII BTG SHOP;;BPML;
FDO INV IMOB BTG PACTUAL TERRAS AGR�COLAS;FII BTG TAGR;;BTRA;
FDO INV IMOB CAIXA CARTEIRA IMOBILI�RIA;FII CAIXA CI;;CXCI;
FDO INV IMOB CAIXA CEDAE;FII CX CEDAE;MB;CXCE;
FDO INV IMOB CAIXA SEQ LOG�STICA RENDA;FII CX TRX;;CXTL;
FDO INV IMOB CENTRO TEXTIL INTERNACIONAL;FII C TEXTIL;;CTXT;
FDO INV IMOB CJ - FII;FII CJ;;CJFI;
FDO INV IMOB CONTINENTAL SQUARE FARIA LIMA;FII S F LIMA;;FLMA;
FDO INV IMOB EDIF�CIO OURINVEST;FII OURINVES;MB;EDFO;
FDO INV IMOB EUROPAR;FII EUROPAR;;EURO;
FDO INV IMOB GENERAL SEVERIANO - FII;FII GEN SEV;MB;GESE;
FDO INV IMOB GRAND PLAZA SHOPPING;FII ABC IMOB;;ABCP;
FDO INV IMOB GREEN TOWERS;FII G TOWERS;;GTWR;
FDO INV IMOB HABITAT I;FII HABITAT;;HBTT;
FDO INV IMOB HOSPITAL UNIMED CAMPINA GRANDE;FII UNIMED C;;HUCG;
FDO INV IMOB HOSPITAL UNIMED SUL CAPIXABA;FII H UNIMED;;HUSC;
FDO INV IMOB INDUSTRIAL DO BRASIL;FII INDL BR;;FIIB;
FDO INV IMOB INFRA REAL ESTATE - FII;FII INFRA RE;;FINF;
FDO INV IMOB MEMORIAL OFFICE;FII MEMORIAL;;FMOF;
FDO INV IMOB MOGNO FUNDO DE FUNDOS;FII MOGNO;;MGFF;
FDO INV IMOB MV9 - FII;FII MV9;;MVFI;
FDO INV IMOB OURINVEST LOG�STICA;FII OURILOG;;OULG;
FDO INV IMOB PANAMBY;FII PANAMBY;;PABY;
FDO INV IMOB PEDRA NEGRA RENDA IMOB;FII P NEGRA;;FPNG;
FDO INV IMOB POLO ESTOQUE II - FII;FII POLO II;;ESTQ;
FDO INV IMOB POLO SHOPPING INDAIATUBA;FII POLO SHO;;VPSI;
FDO INV IMOB PROJETO �GUA BRANCA;FII A BRANCA;;FPAB;
FDO INV IMOB RBR CREDITO IMOB ESTRUTURADO;FII RBR PCRI;;RBRY;
FDO INV IMOB RBR PROPERTIES - FII;FII RBR PROP;;RBRP;
FDO INV IMOB RIO BRAVO RENDA CORPORATIVA;FII RIOB RC;;RCRB;
FDO INV IMOB RIO BRAVO RENDA EDUCACIONAL - FII;FII RIOB ED;;RBED;
FDO INV IMOB RIO BRAVO RENDA VAREJO - FII;FII RIOB VA;;RBVA;
FDO INV IMOB RIO NEGRO - FII;FII RIONEGRO;;RNGO;
FDO INV IMOB S�O FERNANDO;FII SAO FER;;SFND;
FDO INV IMOB SC 401;FII SC 401;;FISC;
FDO INV IMOB SCP;FII SCP;;SCPF;
FDO INV IMOB SDI RIO BRAVO RENDA LOGISTICA - FII;FII SDI LOG;;SDIL;
FDO INV IMOB SHOPPING P�TIO HIGIEN�POLIS;FII HIGIENOP;;SHPH;
FDO INV IMOB TG ATIVO REAL;FII TG ATIVO;;TGAR;
FDO INV IMOB THE ONE;FII THE ONE;;ONEF;
FDO INV IMOB VEREDA - FII;FII VEREDA;;VERE;
FDO INV IMOB VIA PARQUE SHOPPING - FII;FII V PARQUE;;FVPQ;
FDO INV IMOB VIDA NOVA - FII;FII VIDANOVA;;FIVN;
FDO INV IMOB VOTORANTIM LOGISTICA;FII VOT LOG;;VTLT;
FDO INV IMOB VOTORANTIM SECURITIES;FII VOT SEC;;VSEC;
FDO INV IMOB VOTORANTIM SHOPPING;FII VOT SHOP;;VSHO;
FDO INV IMOBILI�RIO DE UNIDADES AUT�NOMAS;FII UNIDADES;;IDFI;
FDO INV. IMOB. FOF INTEGRAL BREI;FII FOF BREI;;IBFF;
FDO INV. IMOB. PLURAL RECEBIVEIS;FII PLURAL R;;PLCR;
FDO INV. IMOB. PLUS;FII PLUS;;VTPL;
FDO INV. IMOB. REC LOGISTICA;FII REC LOG;;RELG;
FDO INV. IMOB. VBI CRI;FII VBI CRI;;CVBI;
FDO INV. MAUA CAPITAL RECEBIVEIS IMOB. - FII;FII MAUA;;MCCI;
FDO INVEST IMOB GRAND PLAZA MALL;FII GRPLMALL;;FGPM;
FDO. INV. IMOB. A - TOWN;FII A TOWN;;ATWN;
FDO. INV. IMOB. �TRIO REIT RECEB�VEIS IMOBILI�RIOS;FII ATRIO;;ARRI;
FDO. INV. IMOB. BTG PACTUAL AGRO LOG�STICA;FII BTG AGRO;;BTAL;
FDO. INV. IMOB. CAIXA IM�VEIS CORPORATIVOS;FII CEF CORP;;CXCO;
FDO. INV. IMOB. HOUSI;FII HOUSI;;HOSI;
FDO. INV. IMOB. MOGNO HOTEIS;FII MOGNO HT;;MGHT;
FDO. INV. IMOB. REC FUNDO DE FUNDOS;FII REC FOF;;RECX;
FDO. INV. IMOB. VBI PRIME PROPERTIES;FII VBI PRI;;PVBI;
FDO. INVEST. IMOB. DEVANT FOF IMOBILI�RIOS;FII DEVA FOF;;DVFF;
FDO. INVEST. IMOB. RB CAPITAL I FUNDO DE FUNDOS;FII RB CFOF;;RFOF;
FDO. INVEST. IMOB. VOTORANTIM PATRIMONIAL V;FII VOTP V;;VTPA;
FDO. INVEST. IMOB. VOTORANTIM PATRIMONIAL XII;FII VOTP XII;;VTXI;
FDO.INVEST. IMOB. MULTI RENDA URBANA;FII MULT REN;;HBRH;
FII IRIDIUM RECEB�VEIS IMOBILI�RIOS;FII IRIDIUM;;IRDM;
FRAM CAPITAL SBCLOG FDO. INV. IMOB.;FII SBCLOG;;SBCL;
FRONTEIRA MULTI FUNDO DE INVESTIMENTO IMOBILI�RIO;FII FRONT;;FRHY;
FUND. INVEST. IMOB. SUCCESPAR VAREJO;FII S VAREJO;;SPVJ;
FUNDO DE FDO INV IMOB KINEA FII;FII KINEAFOF;;KFOF;
FUNDO DE INVEST IMOB OURINVEST RENDA ESTRUTURADA;FII OU RENDA;;OURE;
FUNDO DE INVESTIMENTO IMOBILI�RIO - BLUE RECEB�VEI;FII BLUE REC;;BLUR;
FUNDO DE INVESTIMENTO IMOBILI�RIO - DEVELOPMENT V1;FII DEV ONE;;LKDV;
FUNDO DE INVESTIMENTO IMOBILI�RIO - FII RBR DESENV;FII RBR III;;RBRI;
FUNDO DE INVESTIMENTO IMOBILI�RIO - SPX SYN MULT;FII SPX SYN;;SPXS;
FUNDO DE INVESTIMENTO IMOBILI�RIO ATHENA I;FII ATHENA I;;FATN;
FUNDO DE INVESTIMENTO IMOBILI�RIO BRL PROP II;FII BRLPROII;;BRLA;
FUNDO DE INVESTIMENTO IMOBILI�RIO CAIXA AG�NCIAS;FII CAIXA AG;;CXAG;
FUNDO DE INVESTIMENTO IMOBILI�RIO HBC RENDA URBANA;FII HBC REN;;HBCR;
FUNDO DE INVESTIMENTO IMOBILI�RIO MINT EDUCACIONAL;FII MINT EDU;;MINT;
FUNDO DE INVESTIMENTO IMOBILI�RIO RIZA TERRAX;FII RIZA TX;;RZTR;
FUNDO DE INVESTIMENTO IMOBILI�RIO ROOFTOP I;FII ROOFTOPI;;ROOF;
G5 CIDADE NOVA FDO. INVEST. IMOB.;FII TOUR V;;TCIN;
GALAPAGOS FDO DE FDO - FII FDO INV. IMOB.;FII GALAPAGO;;GCFF;
GALAPAGOS RECEB�VEIS IMOBILI�RIOS - FDO. INV. IMOB;FII GLPG CRI;;GCRI;
GAZIT MALLS FUNDO DE INVESTIMENTO IMOBILI�RIO;FII GAZIT;;GZIT;
GENERAL SHOP E OUTLETS DO BRASIL FDO INV IMOB - FI;FII GENERAL;;GSFI;
GENERAL SHOPPING ATIVO E RENDA FUNDO DE INV, IMOB.;FII GEN SHOP;;FIGS;
GENIAL RENDA URBANA FDO DE INV IMOB;FII PLUR URB;;GURB;
GGR COVEPI RENDA FDO INV IMOB;FII GGRCOVEP;;GGRC;
GRUPO RCFA FDO INV IMOB;FII GP RCFA;;RCFA;
GTIS BRAZIL LOGISTICS FDO. INV. IMOB.;FII GTIS LG;;GTLG;
GUARDIAN LOGISTICA FDO. INVEST. IMOB.;FII GUARDIAN;;GALG;
HABITAT II - FDO INV IMOB;FII HABIT II;;HABT;
HAZ FDO INV IMOB - FII;FII HAZ;;ATCR;
HECTARE CE - FDO INV IMOB;FII HECTARE;;HCTR;
HECTARE DESENV. STUDENT HOUSING - FDO. INV. IMOB.;FII HECT DES;;HCST;
HECTARE PROPERTIES FDO DE INV IMOB - FII;FII HECT PRP;;HCPR;
HECTARE RECEB�VEIS HIGH GRADE FDO. INV. IMOB.;FII HECT CRI;;HCHG;
HEDGE AAA FDO. INV. IMOB.;FII HEDGEAAA;;HAAA;
HEDGE ATRIUM SHOPPING SANTO ANDRE FDO INV IMOB;FII HATRIUM;;ATSA;
HEDGE BRASIL SHOPPING FDO INV IMOB;FII HEDGEBS;;HGBS;
HEDGE DESENVOLVIMENTO LOG�STICO FDO INV IMOB;FII HEDGE DV;;HDEL;
HEDGE LOG�STICA FDO. INV. IMOB.;FII HEDGELOG;;HLOG;
HEDGE OFFICE INCOME FUNDO DE INVESTIMENTO IMOB.;FII R INCOME;;RBCO;
HEDGE PALADIN DESIGN OFFICES FDO INV IMOB;FII HEDGE OF;;HDOF;
HEDGE REALTY DEVELOPMENT FDO INV IMOB;FII HREALTY;;HRDF;
HEDGE RECEBIVEIS IMOB. FUNDO DE INVST. IMOB.;FII HEDGEREC;;HREC;
HEDGE SEED FUNDO DE INVESTIMENTO IMOBILI�RIO;FII HEDGE SD;;SEED;
HEDGE SHOPPING PARQUE DOM PEDRO FDO. DE INV. IMOB.;FII HEDGEPDP;;HPDP;
HEDGE TOP FOFII 3 FDO INV IMOB;FII HTOPFOF3;;HFOF;
HGI CR�DITOS IMOBILI�RIOS FDO. INV. IMOB.;FII HGI CRI;;HGIC;
HSI ATIVOS FINANCEIROS FUNDO DE INVESTIMENTO IMOBI;FII HSI CRI;;HSAF;
HSI LOG�STICA FUNDO DE INVESTIMENTO IMOBILI�RIO;FII HSI LOG;;HSLG;
HSI MALL FDO INV IMOB;FII HSI MALL;;HSML;
HSI RENDA IMOB FDO INV IMOB;FII HSIRENDA;;HSRE;
HUSI FDO INV. IMOB.;FII HUSI;;HUSI;
INTER TEVA INDICE DE PAPEL FUNDO DE INVESTIMENTO;FII INTER IP;;ITIP;
INTER T�TULOS IMOB. FDO INV. IMOB.;FII INTER;;BICR;
IRIDIUM FUNDO DE INVESTIMENTO IMOBILI�RIO;FII IRIM;;IRIM;
JACARAND� 02 FUNDO DE INVESTIMENTO IMOBILI�RIO FII;FII JCDB 02;;JCDB;
JACARAND� I FUNDO DE INVESTIMENTO IMOBILI�RIO -FII;FII JCDA I;;JCDA;
JBFO FOF FDO INV. IMOB.;FII JBFO FOF;;JBFO;
JFDCAM FUNDO DE INVESTIMENTO IMOBILI�RIO FII;FII JFDCAM;;VJFD;
JFL LIVING FDO. INV. IMOB.;FII JFL LIV;;JFLL;
JPP CAPITAL FDO INV IMOB - FII;FII JPP CAPI;;JPPC;
JPP CAPITAL RECEBIVEIS IMOB. FDO. INVEST. IMOB.;FII JPPMOGNO;;JPPA;
JS ATIVOS FINANCEIROS FDO DE INV IMOBILI�RIO;FII JS A FIN;;JSAF;
JS REAL ESTATE MULTIGEST�O - FII;FII JS REAL;;JSRE;
JT PREV FDO INV IMOB DESENVOLVIMENTO HABITACIONAL;FII JT PREV;;JTPR;
KILIMA FIC FDO. IMOB. SUNO 30;FII KILIMA;;KISU;
KILIMA VOLKANO RECEB�VEIS IMOB FDO DE INV IMOB;FII KIVO;;KIVO;
KINEA CREDITAS FDO DE INV IMOBILI�RIO - FII;FII KINEA CR;;KCRE;
KINEA HIGH YIELD CRI FDO INV IMOB - FII;FII KINEA HY;;KNHY;
KINEA II REAL ESTATE EQUITY FDO INV IMOB;FII KII REAL;;KNRE;
KINEA �NDICES DE PRE�OS FDO INV IMOB - FII;FII KINEA IP;;KNIP;
KINEA PREMIUM PROPERTIES FDO INV IMOB;FII KINEA PR;;KNPR;
KINEA RENDA IMOBILI�RIA FDO INV IMOB - FII;FII KINEA;;KNRI;
KINEA RENDIMENTOS IMOBILI�RIOS FDO INV IMOB - FII;FII KINEA RI;;KNCR;
KINEA SECURITIES FDO. DE INV. IMOB. - FII;FII KINEA SC;;KNSC;
LAGO DA PEDRA - FUNDO DE INVESTIMENTO IMOBILI�RIO;FII LAGO PDR;;LPLP;
LATERES FDO INV IMOB - FII;FII LATERES;MB;LATR;
LEGATUS SHOPPINGS FDO. INV. IMOB. - FII;FII LEGATUS;;LASC;
LESTE RIVA EQUITY PREFERENCIAL I FDO. INV. IMOB.;FII LESTE PA;;LSPA;
LIFE CAPITAL PARTNERS FUNDO DE INVESTIMENTO IMOB;FII LIFE;;LIFE;
LOFT I - FDO INV IMOB;FII LOFT I;MB;LOFT;
LOFT II FUNDO DE INVESTIMENTO IMOBILI�RIO;FII LOFT II;;LFTT;
LOGCP INTER FDO INV IMOB;FII LGCP INT;;LGCP;
LUGGO FDO. INV. IMOB.;FII LUGGO;;LUGG;
MALLS BRASIL PLURAL FDO INV IMOB;FII MALLS BP;;MALL;
MANAT� CAPITAL HEDGE FUND FDO INV IMOB;FII MANATI;;MANA;
MARESIAS FUNDO DE INVESTIMENTO IMOBILI�RIO;FII MMVE OP;;MMVE;
MAU� CAPITAL HEDGE FUND - FDO. INVEST. IMOB.;FII MAUA HF;;MCHF;
MAXI RENDA FDO INV IMOB - FII;FII MAXI REN;;MXRF;
M�RITO DESENVOLVIMENTO IMOBILI�RIO I FII - FII;FII MERITO I;;MFII;
MERITO FDO. A��ES IMOB. FII - FDO INV. IMOB.;FII MERITOFA;;MFAI;
M�RITO RECEB�VEIS IMOBILI�RIOS FII - FDO INV IMOB;FII MERITO R;;MFCR;
MOGNO PROPERTIES - FDO. INVEST. IMOB.;FII MOGNO PR;;MGLC;
MOGNO PROPERTIES FUNDO DE INVESTIMENTO IMOBILIARIO;FII MGRI;;MGRI;
MOGNO SUNO LOG�STICA FDO INV IMOB - FII;FII MOGNO LG;;MGLG;
MORE GEST�O ATIVA DE RECEB�VEIS FDO DE INV IMOB;FII MORE ATV;;MATV;
MORE REAL ESTATE FOF FII FDO. INV. IMOB.;FII MORE RE;;MORE;
MORE RECEB�VEIS IMOBILI�RIOS FII FDO. INV. IMOB.;FII MORE CRI;;MORC;
MULTI PROPERTIES FDO INV IMOB - FII;FII MULTPROP;;PRTS;
MULTI SHOPPINGS FDO INV IMOB - FII;FII MULTSHOP;;SHOP;
MULTIGEST�O RENDA COMERCIAL FDO INV IMOB - FII;FII MTGESTAO;MB;DRIT;
MULTIOFFICES 2 - FDO. INV. IMOB.;FII MULT OF2;;MOFF;
NAVI IMOBILI�RIO TOTAL RETURN FDO. INVEST. IMOB.;FII NAVI TOT;;NAVT;
NAVI RESIDENCIAL FUNDO DE INVESTIMENTO IMOBILI�RIO;FII NAVI RSD;;APTO;
NEWPORT LOG�STICA FDO INV. IMOB.;FII NEWPORT;;NEWL;
NEWPORT RENDA URBANA FDO INV IMOB;FII NEWRU;;NEWU;
NOVA I - FDO INV IMOB - FII;FII NOVA I;MB;NVIF;
OPPORTUNITY FDO INV IMOB;FII OPPORTUN;MB;FTCE;
OURINVEST JPP FDO INV IMOB - FII;FII OURI JPP;;OUJP;
PANORAMA DESENVOLVIMENTO LOG�STICO FDO. INV. IMOB.;FII PANORAMA;;PNDL;
PANORAMA LAST MILE SBC FDO INV IMOB;FII LASTMILE;;PNLN;
PANORAMA PROPERTIES FDO. INVEST. IMOB.;FII PAN PROP;;PNPR;
PARKING PARTNERS FDO. INVEST. IMOB.;FII PARK PAR;;VTVI;
PARQUE ANHANGUERA FDO. INVEST. IMOB.;FII PARQ ANH;;PQAG;
P�TRIA EDIF�CIOS CORPORATIVOS FDO INV IMOB - FII;FII PATRIA;;PATC;
P�TRIA LOG�STICA FUNDO DE INVESTIMENTO IMOBILI�RIO;FII PATR LOG;;PATL;
PERFORMA REAL ESTATE - FDO. INV. IMOB.;FII PERFORMA;;PEMA;
PERSONALE I FDO INV IMOB - FII;FII PERSONAL;MB;PRSN;
PLURAL LOG�STICA FDO. INV. IMOB.;FII PLURAL L;;PLOG;
POLO CREDITO IMOBILIARIO- FII;FII POLO CRI;;PORD;
POLO FDO INV IMOB - FII RECEB�VEIS IMOBILI�RIOS I;FII POLO I;;PLRI;
PRAIA DO CASTELO FUNDO DE INVESTIMENTO IMOBILI�RIO;FII PRAIA CS;;PCAS;
PRAZO - FUNDO DE INVESTIMENTO IMOBILI�RIO - FII;FII PRAZO;;PRZS;
PRESIDENTE VARGAS FDO INV IMOB;FII P VARGAS;;PRSV;
PROLOGIS BRAZIL LOGISTICS VENTURE FDO INV IMOB;FII PROLOGIS;;PBLV;
QUASAR AGRO - FDO INV. IMOB.;FII QUASAR A;;QAGR;
QUASAR CR�DITO IMOBILI�RIO FDO. INV. IMOB.;FII QUASAR C;;QAMI;
QUATA IMOB RECEB�VEIS IMOB. - FDO. INV. IMOB.;FII QUATA;;QIRI;
R CAP 1810 FUNDO DE FUNDOS - FDO. INV. IMOB.;FII RCAP FOF;;XBXO;
RB CAPITAL DESENV RESID III FDO INV IMOB - FII;FII RBRESID3;;RSPD;
RB CAPITAL DESENV. RESID. II FDO INV IMOB - FII;FII RBRESID2;;RBDS;
RB CAPITAL DESENV. RESIDENCIAL IV FDO. INV. IMOB.;FII RBRES IV;;RBIR;
RB CAPITAL LOG�STICO FDO. INV. IMOB.ye;FII RBCAP LG;;RBLG;
RB CAPITAL RECEB�VEIS IMOB. FDO. INVEST. IMOB FII;FII RBCAP RI;;RRCI;
RB CAPITAL RENDA I FDO INV IMOB - FII;FII RB CAP I;MB;FIIP;
RB CAPITAL RENDA II FDO INV IMOB - FII;FII RB II;;RBRD;
RB CAPITAL TFO SITUS FDO INV IMOB - FII;FII RB TFO;;RBTS;
RBR ALPHA MULTIESTRAT�GIA REAL ESTATE FDO INV IMOB;FII RBRALPHA;;RBRF;
RBR CRI - FUNDO DE INVESTIMENTO IMOBILI�RIO;FII CANVAS;;CCRF;
RBR DESENV COMERCIAL FEEDER FOF FDO INVEST IMOB;FII RBR FEED;;RCFF;
RBR LOG FUNDO DE INVESTIMENTO IMOBILI�RIO;FII RBR LOG;;RBRL;
RBR PLUS MULTIESTRAT�GIA REAL ESTATE FII;FII RBR MULT;;RBRX;
RBR PREMIUM RECEB�VEIS IMOBILI�RIOS FDO INV IMOB;FII RBR PR;;RPRI;
REAG MULTI ATIVOS IMOBILI�RIOS - FII;FII REAGMULT;;RMAI;
RESIDENCIAIS ONE FUNDO DE INVESTIMENTO IMOBILI�RIO;FII RESIDONE;;REON;
RIO BRAVO CREDITO IMOB HIGH GRADE FUND DE INVEST;FII RBCRI IV;;RBHG;
RIO BRAVO CR�DITO IMOB. HIGH YIELD FDO. INV. IMOB.;FII RB YIELD;;RBHY;
RIO BRAVO CR�DITO IMOBILI�RIO II FDO INV IMOB -FII;FII RIOBCRI2;;RBVO;
RIO BRAVO FUNDO DE FUNDOS DE INVESTIMENTO IMOB;FII RIOB FF;;RBFF;
RIO BRAVO RENDA RESIDENCIAL FDO. INVEST. IMOB.;FII RIOB RR;;RBRS;
RIZA AKIN FDO. INV. IMOB. FII;FII RIZA AKN;;RZAK;
RIZA ARCTIUM REAL ESTATE FDO INV IMOB;FII ARCTIUM;;ARCT;
SANTANDER PAPEIS IMOB CDI FDO INV IMOB;FII SANT PAP;;SADI;
SANTANDER RENDA DE ALUGU�IS FDO. INVEST. IMOB.;FII SANT REN;;SARE;
S�O CARLOS RENDA IMOBILI�RIA FDO. INV. IMOB.;FII S CARLOS;;SACL;
SAO DOMINGOS FDO INV IMOB - FII;FII DOMINGOS;;FISD;
SEQUOIA III RENDA IMOBILI�RIA - FDO. INV. IMOB.;FII SEQUOIA;;SEQR;
SERRA VERDE FUNDO DE INVESTIMENTO IMOBILI�RIO;FII SERRA VD;;SRVD;
SH SPECIAL OPPS FUNDO DE INVESTIMENTO IMOBILI�RIO;FII HEDGE SH;;SHSO;
SHOPPING WEST PLAZA FDO INV IMOB;FII W PLAZA;;WPLZ;
SIG CAPITAL RECEB�VEIS PULVERIZADOS FDO INV IMOB;FII SIG CAP;;SIGR;
SINGULARE FDO INV IMOB - FII;FII REIT RIV;;REIT;
SJ AU LOG�STICA FDO. INV. IMOB.;FII SJ AU;;SJAU;
SOLARIUM FII - FDO INV. IMOB.;FII SOLARIUM;;SOLR;
SP DOWNTOWN FDO INV IMOB - FII;FII SP DOWNT;;SPTW;
SPA FDO INV IMOB - FII;FII SPA;;SPAF;
STARX FDO INV IMOB - FII;FII STARX;;STRX;
SUNO FUNDO DE FUNDOS DE INVESTIMENTO IMOBILI�RIO;FII SUNOFOFI;;SNFF;
SUNO RECEB�VEIS IMOBILI�RIOS FDO DE INV IMOB;FII SUNO CRI;;SNCI;
SUPREMO FUNDO DE INVESTIMENTO IMOBILI�RIO;FII SUPREMO;;SPMO;
TELLUS DESENVOLVIMENTO LOG�STICO FDO. INVEST. IMOB;FII TELLUS;;TELD;
TELLUS FUNDO DE FUNDOS - FII FDO DE INV IMOB;FII TELF;;TELF;
TELLUS PROPERTIES - FDO INV. IMOB;FII TEL PROP;;TEPP;
TISHMAN SPEYER RENDA CORPORATIVA FDO. INV. IMOB.;FII TISHMAN;;TSER;
TJK RENDA IMOBILI�RIA FDO INV IMOB;FII TJK REND;;TJKB;
TORDESILHAS EI FDO. INV. IMOB.;FII TORDE EI;;TORD;
TRANSINC FDO INV IMOB - FII;FII TRANSINC;;TSNC;
TREECORP REAL ESTATE FDO INV IMOB - I;FII TREECORP;;TCPF;
TRX EDIF�CIOS CORPORATIVOS FDO INV IMOB - FII;FII TRXE COR;;XTED;
TRX REAL ESTATE FDO. INV. IMOB. - FII;FII TRX REAL;;TRXF;
TRX REAL ESTATE II FDO. INVEST. IMOB.;FII TRX R II;;TRXB;
TS NEW MARGINAL - FDO. INV. IMOB.;FII TS NEW;;TSNM;
URCA PRIME RENDA FUNDO DE INVESTIMENTO IMOBILI�RIO;FII URCA REN;;URPR;
VALORA CRI CDI FUNDO DE INVESTIMENTO IMOBILI�RIO;FII VALREIII;;VGIR;
VALORA CRI �NDICE DE PRE�O FDO INVEST. IMOB. FII;FII VALORAIP;;VGIP;
VALORA HEDGE FUND FDO. INV. IMOB.;FII VALOR HE;;VGHF;
VBI CONSUMO ESSEN FDO. INVEST. IMOB.;FII VBI CON;;EVBI;
VBI REITS FOF - FDO. INV. IMOB;FII VBI REIT;;RVBI;
VECTIS JUROS REAL FDO INV. IMOB. - FII;FII VECTIS;;VCJR;
VECTIS RENDA RESIDENCIAL FDO. INV. IMOB.;FII VECT REN;;VCRR;
VECTOR QUELUZ ATIVOS IMOB FDO INV IMOB;FII VQ LAJES;;VLJS;
VENUS - FUNDO DE INVESTIMENTO IMOBILI�RIO;FII VENUS;;SALI;
VERSALHES RECEB�VEIS IMOBILI�RIOS - FDO. INV. IMOB;FII VERS CRI;;VSLH;
VIC DESENVOLVIMENTO VINTAGE 20/21 FUND INVEST IMOB;FII VIC DES;;VIDS;
VIC DESENVOLVIMENTO VINTAGE 22/23 FDO DE INV IMOB;FII VIC VIN;;VDSV;
VINCI CREDIT SECURITIES FUNDO DE INVESTIMENTO IMOB;FII VINCI CR;;VCRI;
VINCI IM�VEIS URBANOS FDO. DE INV. IMOB.;FII VINCI IU;;VIUR;
VINCI INSTRUMENTOS FINANCEIROS FDO INV IMOB - FII;FII VINCI IF;;VIFI;
VINCI LOG�STICA FDO INV IMOB - FII;FII VINCI LG;;VILG;
VINCI OFFICES FDO INV IMOB;FII VINCI OF;;VINO;
VINCI SHOPPING CENTERS FDO INVEST IMOB - FII;FII VINCI SC;;VISC;
VINCI VIFI 2 FUNDO DE INVESTIMENTO IMOBILI�RIO FII;FII VIFI 2;;VLIQ;
VOTORANTIM SECURITIES MASTER FDO INV IMOB - FII;FII V MASTER;;VOTS;
VX XVI - FDO INV. IMOB.;FII VX XVI;;VXXV;
WARREN SECURITIES FDO DE INV IMOB - FII;FII WARREN;;WVSC;
WHG REAL ESTATE FUNDO DE INVESTIMENTO IMOBILI�RIO;FII WHG REAL;;WHGR;
XP CORPORATE MACA� FDO INV IMOB - FII;FII XP MACAE;;XPCM;
XP CREDITO IMOBILI�RIO - FDO INV IMOB;FII XP CRED;;XPCI;
XP HOT�IS - FDO INV IMOB - FII;FII XP HOT;;XPHT;
XP INDUSTRIAL FDO INV IMOB - FII;FII XP INDL;;XPIN;
XP LOG FDO INV IMOB - FII;FII XP LOG;;XPLG;
XP MALLS FDO INV IMOB FII;FII XP MALLS;;XPML;
XP PROPERTIES FDO. INV. IMOB.;FII XP PROP;;XPPR;
XP SELECTION FDO DE FUNDOS INV IMOB - FII;FII XP SELEC;;XPSF;
YUCA FDO INV. IMOB.;FII YUCA;;YUFI;
ZION CAPITAL FUNDO DE INVESTIMENTO IMOBILI�RIO FII;FII ZION;;ZIFI;
